SchoolId,Lat,Lng,SchoolName,Address,Phone,SchoolType,PARENT_MAX,PARENT_CAND,PARENT_STAT,COMMUNITY_MAX,COMMUNITY_CAND,COMMUNITY_STAT,AppointedLSC,SchoolYear
609674,41.737174,-87.573268,CHICAGO VOCATIONAL HS,"2100 E 87TH ST Chicago, IL 60617",1(773)535-6100,HS,6,5,I,2,2,S,False,2020
609676,41.840226,-87.617637,DUNBAR HS,"3000 S KING DR Chicago, IL 60616",1(773)534-9000,HS,6,8,C,2,2,S,False,2020
609678,41.873066,-87.627675,JONES HS,"700 S STATE ST Chicago, IL 60605",1(773)534-8600,HS,6,12,C,2,2,S,False,2020
609679,41.920059,-87.761048,PROSSER HS,"2148 N LONG AVE Chicago, IL 60639",1(773)534-3200,HS,6,4,I,2,4,C,False,2020
609680,41.901575,-87.635385,PAYTON HS,"1034 N WELLS ST Chicago, IL 60610",1(773)534-0034,HS,6,9,C,2,4,C,False,2020
609682,41.802881,-87.662278,RICHARDS HS,"5009 S LAFLIN ST Chicago, IL 60609",1(773)535-4945,HS,6,3,I,2,2,S,False,2020
609691,41.911674,-87.735238,NORTH-GRAND HS,"4338 W WABANSIA AVE Chicago, IL 60639",1(773)534-8520,HS,6,2,I,2,2,S,False,2020
609692,41.745781,-87.63541,SIMEON HS,"8147 S VINCENNES AVE Chicago, IL 60620",1(773)535-3200,HS,6,10,C,2,4,C,False,2020
609693,41.889977,-87.707332,WESTINGHOUSE HS,"3223 W FRANKLIN BLVD Chicago, IL 60624",1(773)534-6400,HS,6,5,I,2,3,C,False,2020
609694,41.791464,-87.72447,HANCOCK HS,"4034 W 56TH ST Chicago, IL 60629",1(773)535-2410,HS,6,4,I,2,2,S,False,2020
609695,41.975067,-87.679484,AMUNDSEN HS,"5110 N DAMEN AVE Chicago, IL 60625",1(773)534-2320,HS,6,8,C,2,4,C,False,2020
609698,41.749376,-87.721097,BOGAN HS,"3939 W 79TH ST Chicago, IL 60652",1(773)535-2180,HS,6,2,I,2,2,S,False,2020
609704,41.84856,-87.708706,FARRAGUT HS,"2345 S CHRISTIANA AVE Chicago, IL 60623",1(773)534-1300,HS,6,5,I,2,3,C,False,2020
609705,41.689951,-87.637572,FENGER HS,"11220 S WALLACE ST Chicago, IL 60628",1(773)535-5430,HS,6,0,I,2,9,C,False,2020
609708,41.939797,-87.754167,FOREMAN HS,"3235 N LECLAIRE AVE Chicago, IL 60641",1(773)534-3400,HS,6,1,I,2,3,C,False,2020
609709,41.791013,-87.688954,GAGE PARK HS,"5630 S ROCKWELL ST Chicago, IL 60629",1(773)535-9230,HS,6,1,I,2,1,I,False,2020
609710,41.718372,-87.620623,HARLAN HS,"9652 S MICHIGAN AVE Chicago, IL 60628",1(773)535-5400,HS,6,5,I,2,3,C,False,2020
609711,41.775124,-87.669089,HARPER HS,"6520 S WOOD ST Chicago, IL 60636",1(773)535-9150,HS,6,1,I,2,1,I,False,2020
609712,41.753748,-87.601727,HIRSCH HS,"7740 S INGLESIDE AVE Chicago, IL 60619",1(773)535-3100,HS,6,3,I,2,2,S,False,2020
609713,41.782257,-87.586615,HYDE PARK HS,"6220 S STONY ISLAND AVE Chicago, IL 60637",1(773)535-0880,HS,6,5,I,2,7,C,False,2020
609715,41.818729,-87.694639,KELLY HS,"4136 S CALIFORNIA AVE Chicago, IL 60632",1(773)535-4900,HS,6,6,S,2,1,I,False,2020
609716,41.927918,-87.735999,KELVYN PARK HS,"4343 W WRIGHTWOOD AVE Chicago, IL 60639",1(773)534-4200,HS,6,1,I,2,1,I,False,2020
609718,41.789961,-87.78084,KENNEDY HS,"6325 W 56TH ST Chicago, IL 60638",1(773)535-2325,HS,6,4,I,2,2,S,False,2020
609719,41.954764,-87.668953,LAKE VIEW HS,"4015 N ASHLAND AVE Chicago, IL 60613",1(773)534-5440,HS,6,5,I,2,2,S,False,2020
609720,41.946645,-87.691013,LANE TECH HS,"2501 W ADDISON ST Chicago, IL 60618",1(773)534-5400,HS,6,8,C,2,2,S,False,2020
609722,41.870939,-87.699896,MANLEY HS,"2935 W POLK ST Chicago, IL 60612",1(773)534-6900,HS,6,0,I,2,0,I,False,2020
609723,41.878444,-87.70805,MARSHALL HS,"3250 W ADAMS ST Chicago, IL 60624",1(773)534-6455,HS,6,4,I,2,2,S,False,2020
609724,41.987589,-87.702496,MATHER HS,"5835 N LINCOLN AVE Chicago, IL 60659",1(773)534-2350,HS,6,6,S,2,3,C,False,2020
609725,41.692035,-87.665658,MORGAN PARK HS,"1744 W PRYOR AVE Chicago, IL 60643",1(773)535-2550,HS,6,8,C,2,2,S,False,2020
609726,41.692763,-87.616353,BROOKS HS,"250 E 111TH ST Chicago, IL 60628",1(773)535-9930,HS,6,5,I,2,2,S,False,2020
609727,41.82388,-87.619796,PHILLIPS HS,"244 E PERSHING RD Chicago, IL 60653",1(773)535-1603,HS,6,10,C,2,5,C,False,2020
609728,41.964828,-87.714819,ROOSEVELT HS,"3436 W WILSON AVE Chicago, IL 60625",1(773)534-5000,HS,6,5,I,2,5,C,False,2020
609729,41.946365,-87.735612,SCHURZ HS,"3601 N MILWAUKEE AVE Chicago, IL 60641",1(773)534-3420,HS,6,6,S,2,3,C,False,2020
609730,41.989029,-87.667136,SENN HS,"5900 N GLENWOOD AVE Chicago, IL 60660",1(773)534-2365,HS,6,7,C,2,7,C,False,2020
609732,41.935634,-87.783515,STEINMETZ HS,"3030 N MOBILE AVE Chicago, IL 60634",1(773)534-3030,HS,6,3,I,2,3,C,False,2020
609733,42.002688,-87.669192,SULLIVAN HS,"6631 N BOSWORTH AVE Chicago, IL 60626",1(773)534-2000,HS,6,2,I,2,2,S,False,2020
609734,41.982961,-87.791547,TAFT HS,"6530 W BRYN MAWR AVE Chicago, IL 60631",1(773)534-1000,HS,6,7,C,2,2,S,False,2020
609735,41.80751,-87.642966,TILDEN HS,"4747 S UNION AVE Chicago, IL 60609",1(773)535-1625,HS,6,0,I,2,3,C,False,2020
609737,41.973185,-87.713386,VON STEUBEN HS,"5039 N KIMBALL AVE Chicago, IL 60625",1(773)534-5100,HS,6,5,I,2,2,S,False,2020
609738,41.918268,-87.646009,LINCOLN PARK HS,"2001 N ORCHARD ST Chicago, IL 60614",1(773)534-8130,HS,6,11,C,2,5,C,False,2020
609739,41.688137,-87.53757,WASHINGTON HS,"3535 E 114TH ST Chicago, IL 60617",1(773)535-5725,HS,6,4,I,2,3,C,False,2020
609740,41.898995,-87.667483,WELLS HS,"936 N ASHLAND AVE Chicago, IL 60622",1(773)534-7010,HS,6,2,I,2,4,C,False,2020
609741,41.780526,-87.718014,HUBBARD HS,"6200 S HAMLIN AVE Chicago, IL 60629",1(773)535-2200,HS,6,7,C,2,2,S,False,2020
609744,41.982973,-87.722386,NORTHSIDE LEARNING HS,"3730 W BRYN MAWR AVE Chicago, IL 60659",1(773)534-5180,HS,6,5,I,2,3,C,False,2020
609745,41.759852,-87.675947,SOUTHSIDE HS,"7342 S HOYNE AVE Chicago, IL 60636",1(773)535-9100,HS,6,6,S,2,3,C,False,2020
609746,41.803772,-87.590421,KENWOOD HS,"5015 S BLACKSTONE AVE Chicago, IL 60615",1(773)535-1350,HS,6,9,C,2,3,C,False,2020
609748,41.842533,-87.695261,YORK HS,"2700 S CALIFORNIA AVE Chicago, IL 60608",1(773)535-7021,HS,0,0,,3,2,I,True,2020
609749,41.981315,-87.708708,NORTHSIDE PREP HS,"5501 N KEDZIE AVE Chicago, IL 60625",1(773)534-3954,HS,6,8,C,2,2,S,False,2020
609750,41.864365,-87.668722,SIMPSON HS,"1321 S PAULINA ST Chicago, IL 60608",1(773)534-7812,HS,2,0,I,2,1,I,True,2020
609751,41.813675,-87.603874,KING HS,"4445 S DREXEL BLVD Chicago, IL 60653",1(773)535-1180,HS,6,7,C,2,5,C,False,2020
609753,41.691221,-87.71777,CHICAGO AGRICULTURE HS,"3857 W 111TH ST Chicago, IL 60655",1(773)535-2500,HS,6,6,S,2,2,S,False,2020
609754,41.830555,-87.619216,CHICAGO MILITARY HS,"3519 S GILES AVE Chicago, IL 60653",1(773)534-9750,HS,6,5,I,2,2,S,True,2020
609755,41.878603,-87.664233,YOUNG HS,"211 S LAFLIN ST Chicago, IL 60607",1(773)534-7500,HS,6,5,I,2,1,I,False,2020
609756,41.80306,-87.722042,CURIE HS,"4959 S ARCHER AVE Chicago, IL 60632",1(773)535-2100,HS,6,5,I,2,3,C,False,2020
609759,41.902626,-87.686906,CLEMENTE HS,"1147 N WESTERN AVE Chicago, IL 60622",1(773)534-4000,HS,6,7,C,2,4,C,False,2020
609760,41.65629,-87.59062,CARVER MILITARY HS,"13100 S DOTY AVE Chicago, IL 60827-1597",1(773)535-5250,HS,6,1,I,2,2,S,True,2020
609761,41.70666,-87.601216,CORLISS HS,"821 E 103RD ST Chicago, IL 60628",1(773)535-5115,HS,6,4,I,2,2,S,False,2020
609762,41.705859,-87.653749,JULIAN HS,"10330 S ELIZABETH ST Chicago, IL 60643",1(773)535-5170,HS,6,4,I,2,2,S,False,2020
609764,41.852667,-87.663732,JUAREZ HS,"1450 W CERMAK RD Chicago, IL 60608-4408",1(773)534-7030,HS,6,11,C,2,8,C,False,2020
609766,41.960364,-87.764663,VAUGHN HS,"4355 N LINDER AVE Chicago, IL 60641",1(773)534-3600,HS,6,8,C,2,0,I,False,2020
609769,41.849675,-87.625315,GRAHAM HS,"2347 S WABASH AVE Chicago, IL 60616",1(773)534-9257,HS,6,3,I,2,2,S,False,2020
609772,41.698739,-87.532976,ADDAMS,"10810 S AVENUE H Chicago, IL 60617-6726",1(773)535-6210,ES,6,5,I,2,2,S,False,2020
609773,41.934126,-87.656229,AGASSIZ,"2851 N SEMINARY AVE Chicago, IL 60657",1(773)534-5725,ES,6,13,C,2,3,C,False,2020
609774,41.92985,-87.646413,ALCOTT ES,"2625 N ORCHARD ST Chicago, IL 60614-1573",1(773)534-5460,ES,6,6,S,2,2,S,False,2020
609777,41.833854,-87.650653,ARMOUR,"950 W 33RD PL Chicago, IL 60608",1(773)535-4530,ES,6,5,I,2,2,S,False,2020
609779,42.01015,-87.684442,ARMSTRONG G,"2110 W GREENLEAF AVE Chicago, IL 60645",1(773)534-2150,ES,6,6,S,2,2,S,False,2020
609780,41.916045,-87.721742,MARINE LEADERSHIP AT AMES HS,"1920 N HAMLIN AVE Chicago, IL 60647",1(773)534-4970,HS,6,9,C,2,2,S,True,2020
609782,41.945062,-87.681041,AUDUBON,"3500 N HOYNE AVE Chicago, IL 60618",1(773)534-5470,ES,6,8,C,2,1,I,False,2020
609783,41.867832,-87.680418,JEFFERSON HS,"1100 S HAMILTON AVE Chicago, IL 60612",1(312)433-7110,HS,0,0,,2,0,I,True,2020
609786,41.748247,-87.591654,AVALON PARK,"8045 S KENWOOD AVE Chicago, IL 60619",1(773)535-6615,ES,6,6,S,2,2,S,False,2020
609788,41.705131,-87.658074,BARNARD,"10354 S CHARLES ST Chicago, IL 60643",1(773)535-2625,ES,6,6,S,2,2,S,False,2020
609789,41.932511,-87.739388,BARRY,"2828 N KILBOURN AVE Chicago, IL 60641",1(773)534-3455,ES,6,4,I,2,0,I,False,2020
609790,41.754194,-87.670927,BARTON,"7650 S WOLCOTT AVE Chicago, IL 60620",1(773)535-3260,ES,6,6,S,2,2,S,False,2020
609791,41.774246,-87.653532,BASS,"1140 W 66TH ST Chicago, IL 60621",1(773)535-3275,ES,6,3,I,2,2,S,False,2020
609792,41.95822,-87.702151,BATEMAN,"4220 N RICHMOND ST Chicago, IL 60618",1(773)534-5055,ES,6,7,C,2,1,I,False,2020
609793,41.784942,-87.647453,NICHOLSON,"6006 S PEORIA ST Chicago, IL 60621",1(773)535-3285,ES,6,9,C,2,4,C,False,2020
609794,41.971506,-87.709304,EDISON,"4929 N SAWYER AVE Chicago, IL 60625",1(773)534-0540,ES,6,6,S,2,0,I,False,2020
609795,41.867813,-87.770418,CLARK ES,"1045 S MONITOR AVE Chicago, IL 60644",1(773)534-6225,ES,6,7,C,2,2,S,False,2020
609796,41.972394,-87.757565,BEAUBIEN,"5025 N LARAMIE AVE Chicago, IL 60630",1(773)534-3500,ES,6,6,S,2,2,S,False,2020
609797,41.885321,-87.705855,BEIDLER,"3151 W WALNUT ST Chicago, IL 60612",1(773)534-6811,ES,6,3,I,2,2,S,False,2020
609798,41.958938,-87.73402,BELDING,"4257 N TRIPP AVE Chicago, IL 60641",1(773)534-3590,ES,6,5,I,2,2,S,False,2020
609799,41.94953,-87.686018,BELL,"3730 N OAKLEY AVE Chicago, IL 60618",1(773)534-5150,ES,6,10,C,2,2,S,False,2020
609800,41.710435,-87.61739,BENNETT,"10115 S PRAIRIE AVE Chicago, IL 60628",1(773)535-5460,ES,6,5,I,2,2,S,False,2020
609803,41.950781,-87.664968,BLAINE,"1420 W GRACE ST Chicago, IL 60613",1(773)534-5750,ES,6,8,C,2,2,S,False,2020
609804,42.003412,-87.697463,BOONE,"6710 N WASHTENAW AVE Chicago, IL 60645",1(773)534-2160,ES,6,6,S,2,2,S,False,2020
609805,41.749339,-87.669366,JOPLIN,"7931 S HONORE ST Chicago, IL 60620",1(773)535-3425,ES,6,3,I,2,3,C,False,2020
609806,41.754365,-87.557142,BRADWELL,"7736 S BURNHAM AVE Chicago, IL 60649",1(773)535-6600,ES,6,4,I,2,3,C,False,2020
609807,41.753457,-87.708731,HAMPTON,"3434 W 77TH ST Chicago, IL 60652",1(773)535-4030,ES,6,6,S,2,0,I,False,2020
609808,41.68666,-87.633632,HALEY,"11411 S EGGLESTON AVE Chicago, IL 60628",1(773)535-5340,ES,6,6,S,2,3,C,False,2020
609809,41.930966,-87.696294,BRENTANO,"2723 N FAIRFIELD AVE Chicago, IL 60647",1(773)534-4100,ES,6,9,C,2,2,S,False,2020
609810,41.949114,-87.798669,BRIDGE,"3800 N NEW ENGLAND AVE Chicago, IL 60634",1(773)534-3718,ES,6,5,I,2,1,I,False,2020
609811,41.699726,-87.562084,BRIGHT,"10740 S CALHOUN AVE Chicago, IL 60617",1(773)535-6215,ES,6,3,I,2,0,I,False,2020
609812,41.882997,-87.670682,BROWN W,"54 N HERMITAGE AVE Chicago, IL 60612",1(773)534-7250,ES,6,3,I,2,3,C,False,2020
609813,41.77162,-87.621746,BROWNELL,"6741 S MICHIGAN AVE Chicago, IL 60637",1(773)535-3030,ES,6,4,I,2,1,I,False,2020
609815,41.760847,-87.576075,BOUCHET,"7355 S JEFFERY BLVD Chicago, IL 60649",1(773)535-0501,ES,6,7,C,2,4,C,False,2020
609817,41.975754,-87.696556,BUDLONG,"2701 W FOSTER AVE Chicago, IL 60625",1(773)534-2591,ES,6,7,C,2,3,C,False,2020
609818,41.917598,-87.7827,BURBANK,"2035 N MOBILE AVE Chicago, IL 60639",1(773)534-3000,ES,6,6,S,2,2,S,False,2020
609819,41.79676,-87.616141,BURKE,"5356 S KING DR Chicago, IL 60615",1(773)535-1325,ES,6,2,I,2,3,C,False,2020
609820,41.937937,-87.669853,BURLEY,"1630 W BARRY AVE Chicago, IL 60657",1(773)534-5475,ES,6,6,S,2,2,S,False,2020
609821,41.714402,-87.567131,BURNHAM,"9928 S CRANDON AVE Chicago, IL 60617",1(773)535-6530,ES,6,5,I,2,2,S,False,2020
609827,41.728481,-87.607435,BURNSIDE,"650 E 91ST PL Chicago, IL 60619",1(773)535-3300,ES,6,9,C,2,2,S,False,2020
609828,41.912358,-87.668661,BURR,"1621 W WABANSIA AVE Chicago, IL 60622",1(773)534-4090,ES,6,9,C,2,1,I,False,2020
609829,41.828868,-87.692457,BURROUGHS,"3542 S WASHTENAW AVE Chicago, IL 60632",1(773)535-7226,ES,6,6,S,2,2,S,False,2020
609830,41.897663,-87.765606,BRUNSON,"932 N CENTRAL AVE Chicago, IL 60651",1(773)534-6025,ES,6,5,I,2,1,I,False,2020
609832,41.795031,-87.791544,BYRNE,"5329 S OAK PARK AVE Chicago, IL 60638",1(773)535-2170,ES,6,7,C,2,3,C,False,2020
609833,41.739226,-87.580729,CALDWELL,"8546 S CREGIER AVE Chicago, IL 60617",1(773)535-6300,ES,6,3,I,2,2,S,False,2020
609834,41.843698,-87.717319,LITTLE VILLAGE,"2620 S LAWNDALE AVE Chicago, IL 60623",1(773)534-1880,ES,6,8,C,2,2,S,False,2020
609835,41.903792,-87.717927,CAMERON,"1234 N MONTICELLO AVE Chicago, IL 60651",1(773)534-4290,ES,6,7,C,2,3,C,False,2020
609836,41.948007,-87.829296,CANTY,"3740 N PANAMA AVE Chicago, IL 60634",1(773)534-1238,ES,6,8,C,2,1,I,False,2020
609837,41.783368,-87.590795,CARNEGIE,"1414 E 61ST PL Chicago, IL 60637",1(773)535-0530,ES,6,7,C,2,2,S,False,2020
609839,41.742517,-87.696012,CARROLL,"2929 W 83RD ST Chicago, IL 60652",1(773)535-9414,ES,6,3,I,2,2,S,False,2020
609842,41.793272,-87.6878,CARSON,"5516 S MAPLEWOOD AVE Chicago, IL 60629",1(773)535-9222,ES,6,6,S,2,2,S,False,2020
609844,41.789828,-87.622453,CARTER,"5740 S MICHIGAN AVE Chicago, IL 60637",1(773)535-0860,ES,6,7,C,2,1,I,False,2020
609845,41.653702,-87.599516,CARVER G,"901 E 133RD PL Chicago, IL 60827-1427",1(773)535-5674,ES,6,3,I,2,1,I,False,2020
609848,41.657405,-87.606474,ALDRIDGE,"630 E 131ST ST Chicago, IL 60827",1(773)535-5614,ES,6,4,I,2,1,I,False,2020
609849,41.687347,-87.703215,CASSELL,"11314 S SPAULDING AVE Chicago, IL 60655",1(773)535-2640,ES,6,5,I,2,2,S,False,2020
609850,41.95281,-87.65098,GREELEY,"832 W SHERIDAN RD Chicago, IL 60613",1(773)534-5800,ES,6,6,S,2,2,S,False,2020
609851,41.866435,-87.695259,CHALMERS,"2745 W ROOSEVELT RD Chicago, IL 60608",1(773)534-1720,ES,6,4,I,2,1,I,False,2020
609852,41.975894,-87.683264,CHAPPELL,"2135 W FOSTER AVE Chicago, IL 60625",1(773)534-2390,ES,6,7,C,2,3,C,False,2020
609853,41.917993,-87.694562,CHASE,"2021 N POINT ST Chicago, IL 60647",1(773)534-4185,ES,6,6,S,2,2,S,False,2020
609854,41.896713,-87.688937,CHOPIN,"2450 W RICE ST Chicago, IL 60622",1(773)534-4080,ES,6,2,I,2,5,C,False,2020
609855,41.801659,-87.685607,CHRISTOPHER,"5042 S ARTESIAN AVE Chicago, IL 60632",1(773)535-9375,ES,6,6,S,2,2,S,False,2020
609856,41.654558,-87.544614,CLAY,"13231 S BURLEY AVE Chicago, IL 60633",1(773)535-5600,ES,6,6,S,2,2,S,False,2020
609857,41.952042,-87.706443,CLEVELAND,"3121 W BYRON ST Chicago, IL 60618",1(773)534-5130,ES,6,6,S,2,3,C,False,2020
609859,41.992541,-87.69836,CLINTON,"6110 N FAIRFIELD AVE Chicago, IL 60659",1(773)534-2025,ES,6,6,S,2,2,S,False,2020
609861,41.693026,-87.680897,CLISSOLD,"2350 W 110TH PL Chicago, IL 60643",1(773)535-2560,ES,6,7,C,2,2,S,False,2020
609862,41.741413,-87.56597,COLES,"8441 S YATES BLVD Chicago, IL 60617",1(773)535-6550,ES,6,2,I,2,2,S,False,2020
609863,41.899566,-87.681938,COLUMBUS,"1003 N LEAVITT ST Chicago, IL 60622",1(773)534-4350,ES,6,6,S,2,1,I,False,2020
609864,41.745237,-87.659775,COOK,"8150 S BISHOP ST Chicago, IL 60620",1(773)535-3315,ES,6,5,I,2,3,C,False,2020
609865,42.017088,-87.677763,JORDAN,"7414 N WOLCOTT AVE Chicago, IL 60626",1(773)534-2220,ES,6,3,I,2,2,S,False,2020
609866,41.955553,-87.683765,COONLEY,"4046 N LEAVITT ST Chicago, IL 60618",1(773)534-5140,ES,6,7,C,2,3,C,False,2020
609867,41.856031,-87.667227,COOPER,"1624 W 19TH ST Chicago, IL 60608",1(773)534-7205,ES,6,5,I,2,0,I,False,2020
609869,41.784681,-87.657169,LANGFORD,"6010 S THROOP ST Chicago, IL 60636",1(773)535-9180,ES,6,6,S,2,0,I,False,2020
609870,41.845602,-87.731193,CORKERY,"2510 S KILDARE AVE Chicago, IL 60623",1(773)534-1650,ES,6,7,C,2,1,I,False,2020
609871,41.688191,-87.685677,VICK,"2554 W 113TH ST Chicago, IL 60655",1(773)535-2671,ES,4,0,I,2,0,I,True,2020
609872,41.856029,-87.65798,PEREZ,"1241 W 19TH ST Chicago, IL 60608",1(773)534-7650,ES,6,7,C,2,1,I,False,2020
609873,41.852663,-87.71247,CROWN,"2128 S SAINT LOUIS AVE Chicago, IL 60623",1(773)534-1680,ES,6,7,C,2,2,S,False,2020
609874,41.973715,-87.841041,DIRKSEN,"8601 W FOSTER AVE Chicago, IL 60656",1(773)534-1090,ES,6,5,I,2,2,S,False,2020
609875,41.923323,-87.705413,DARWIN,"3116 W BELDEN AVE Chicago, IL 60647",1(773)534-4110,ES,6,10,C,2,2,S,False,2020
609876,41.821852,-87.700202,DAVIS N,"3014 W 39TH PL Chicago, IL 60632",1(773)535-4540,ES,6,4,I,2,2,S,False,2020
609879,41.745078,-87.717353,DAWES,"3810 W 81ST PL Chicago, IL 60652",1(773)535-2350,ES,6,6,S,2,2,S,False,2020
609880,42.009289,-87.704619,DECATUR,"7030 N SACRAMENTO AVE Chicago, IL 60645",1(773)534-2201,ES,6,6,S,2,2,S,False,2020
609883,41.76249,-87.623345,DENEEN,"7240 S WABASH AVE Chicago, IL 60619",1(773)535-3035,ES,6,2,I,2,2,S,False,2020
609884,41.942552,-87.813132,DEVER,"3436 N OSCEOLA AVE Chicago, IL 60634",1(773)534-3090,ES,6,6,S,2,2,S,False,2020
609885,41.795646,-87.642652,DEWEY,"5415 S UNION AVE Chicago, IL 60609",1(773)535-1666,ES,6,3,I,2,1,I,False,2020
609887,41.743669,-87.609979,DIXON,"8306 S SAINT LAWRENCE AVE Chicago, IL 60619",1(773)535-3834,ES,6,8,C,2,2,S,False,2020
609891,41.831121,-87.612275,DOOLITTLE,"535 E 35TH ST Chicago, IL 60616",1(773)535-1040,ES,6,6,S,2,1,I,False,2020
609893,41.773825866,-87.79974193,DORE,"7134 W 65TH ST Chicago, IL 60638-4606",1(773)535-2080,ES,6,7,C,2,0,I,False,2020
609894,41.844043,-87.628553,DRAKE,"2710 S DEARBORN ST Chicago, IL 60616",1(773)534-9129,ES,6,7,C,2,3,C,False,2020
609895,41.725609,-87.630164,TURNER-DREW,"9300 S PRINCETON AVE Chicago, IL 60620",1(773)535-5720,ES,6,5,I,2,2,S,False,2020
609896,41.915914,-87.674495,DRUMMOND,"1845 W CORTLAND ST Chicago, IL 60622",1(773)534-4120,ES,6,8,C,2,0,I,False,2020
609897,41.781225,-87.675547,EARLE,"2040 W 62ND ST Chicago, IL 60636",1(773)535-9130,ES,6,3,I,2,1,I,False,2020
609898,41.77442,-87.707953,EBERHART,"3400 W 65TH PL Chicago, IL 60629",1(773)535-9190,ES,6,3,I,2,1,I,False,2020
609899,42.004408,-87.81117,EBINGER,"7350 W PRATT AVE Chicago, IL 60631",1(773)534-1070,ES,6,7,C,2,2,S,False,2020
609900,41.685418,-87.621653,CURTIS,"32 E 115TH ST Chicago, IL 60628",1(773)535-5050,ES,6,1,I,2,3,C,False,2020
609901,41.999437,-87.76184,EDGEBROOK,"6525 N HIAWATHA AVE Chicago, IL 60646",1(773)534-1194,ES,6,8,C,2,3,C,False,2020
609902,41.669444,-87.634306,METCALFE,"12339 S NORMAL AVE Chicago, IL 60628",1(773)535-5590,ES,6,6,S,2,1,I,False,2020
609903,41.805542,-87.725856,EDWARDS,"4815 S KARLOV AVE Chicago, IL 60632",1(773)535-4875,ES,6,6,S,2,4,C,False,2020
609904,41.88553,-87.766589,ELLINGTON,"243 N PARKSIDE AVE Chicago, IL 60644",1(773)534-6361,ES,6,6,S,2,2,S,False,2020
609907,41.875744,-87.715804,ERICSON,"3600 W 5TH AVE Chicago, IL 60624",1(773)534-6660,ES,6,6,S,2,3,C,False,2020
609908,41.68942,-87.669159,ESMOND,"1865 W MONTVALE AVE Chicago, IL 60643",1(773)535-2650,ES,6,4,I,2,2,S,False,2020
609909,41.831555,-87.68131,EVERETT,"3419 S BELL AVE Chicago, IL 60608",1(773)535-4550,ES,6,4,I,2,2,S,False,2020
609910,41.935785,-87.749331,FALCONER,"3020 N LAMON AVE Chicago, IL 60641",1(773)534-3560,ES,6,7,C,2,2,S,False,2020
609912,41.97979,-87.766072,FARNSWORTH,"5414 N LINDER AVE Chicago, IL 60630",1(773)534-3535,ES,6,5,I,2,1,I,False,2020
609917,41.711184,-87.640414,FERNWOOD,"10041 S UNION AVE Chicago, IL 60628",1(773)535-2700,ES,6,4,I,2,0,I,False,2020
609918,42.009664,-87.669985,FIELD,"7019 N ASHLAND AVE Chicago, IL 60626",1(773)534-2030,ES,6,3,I,2,2,S,False,2020
609919,41.785183,-87.608633,FISKE,"6020 S LANGLEY AVE Chicago, IL 60637",1(773)535-0990,ES,6,10,C,2,4,C,False,2020
609920,41.850771,-87.705112,KANOON,"2233 S KEDZIE AVE Chicago, IL 60623",1(773)534-1736,ES,6,4,I,2,1,I,False,2020
609921,41.847947,-87.696006,TELPOCHCALLI,"2832 W 24TH BLVD Chicago, IL 60623",1(773)534-1402,ES,4,4,S,0,0,,True,2020
609922,41.92095,-87.757343,BELMONT-CRAGIN,"5252 W PALMER ST Chicago, IL 60639",1(773)534-2900,ES,6,12,C,2,4,C,False,2020
609924,41.729673,-87.655481,FORT DEARBORN,"9025 S THROOP ST Chicago, IL 60620",1(773)535-2680,ES,6,7,C,2,1,I,False,2020
609925,41.870168,-87.702163,KELLMAN,"3030 W ARTHINGTON ST Chicago, IL 60612",1(773)534-6602,ES,6,5,I,2,2,S,False,2020
609926,41.9066,-87.635513,FRANKLIN,"225 W EVERGREEN AVE Chicago, IL 60610",1(773)534-8510,ES,6,7,C,2,2,S,False,2020
609927,41.738425,-87.668099,FOSTER PARK,"8530 S WOOD ST Chicago, IL 60620",1(773)535-2725,ES,6,5,I,2,4,C,False,2020
609928,41.818003,-87.611784,FULLER,"4214 S ST LAWRENCE AVE Chicago, IL 60653",1(773)535-1687,ES,6,6,S,2,2,S,False,2020
609929,41.79758,-87.668436,FULTON,"5300 S HERMITAGE AVE Chicago, IL 60609",1(773)535-9000,ES,6,10,C,2,0,I,False,2020
609930,41.917617,-87.716892,FUNSTON,"2010 N CENTRAL PARK AVE Chicago, IL 60647",1(773)534-4125,ES,6,5,I,2,2,S,False,2020
609933,42.021091,-87.671939,GALE,"1631 W JONQUIL TER Chicago, IL 60626",1(773)534-2100,ES,6,3,I,2,3,C,False,2020
609935,41.706801,-87.535175,GALLISTEL,"10347 S EWING AVE Chicago, IL 60617",1(773)535-6540,ES,6,6,S,2,2,S,False,2020
609937,41.976352,-87.796235,GARVY,"5225 N OAK PARK AVE Chicago, IL 60656",1(773)534-1185,ES,6,9,C,2,2,S,False,2020
609938,41.837065,-87.718697,GARY,"3740 W 31ST ST Chicago, IL 60623",1(773)534-1455,ES,6,5,I,2,2,S,False,2020
609939,41.725332,-87.623719,GILLESPIE,"9301 S STATE ST Chicago, IL 60619",1(773)535-5065,ES,6,5,I,2,2,S,False,2020
609941,41.760614,-87.675966,RANDOLPH,"7316 S HOYNE AVE Chicago, IL 60636",1(773)535-9015,ES,6,3,I,2,1,I,False,2020
609942,41.922831,-87.6929,GOETHE,"2236 N ROCKWELL ST Chicago, IL 60647",1(773)534-4135,ES,6,8,C,2,3,C,False,2020
609943,41.670618,-87.622546,OWENS,"12302 S STATE ST Chicago, IL 60628",1(773)535-5475,ES,6,3,I,2,1,I,False,2020
609944,41.662481,-87.553307,GRISSOM,"12810 S ESCANABA AVE Chicago, IL 60633",1(773)535-5380,ES,6,4,I,2,1,I,False,2020
609945,41.975817,-87.657912,GOUDY,"5120 N WINTHROP AVE Chicago, IL 60640",1(773)534-2480,ES,6,15,C,2,3,C,False,2020
609947,41.813304,-87.643344,GRAHAM ES,"4436 S UNION AVE Chicago, IL 60609",1(773)535-1308,ES,6,6,S,2,2,S,False,2020
609949,41.948764,-87.757116,GRAY,"3730 N LARAMIE AVE Chicago, IL 60641",1(773)534-3520,ES,6,5,I,2,2,S,False,2020
609950,41.838791,-87.71719,ORTIZ DE DOMINGUEZ,"3000 S LAWNDALE AVE Chicago, IL 60623",1(773)534-1600,ES,6,3,I,2,3,C,False,2020
609951,41.811173,-87.597503,ARIEL,"1119 E 46TH ST Chicago, IL 60653",1(773)535-1996,ES,6,4,I,2,1,I,True,2020
609952,41.829669,-87.671492,GREENE,"3525 S HONORE ST Chicago, IL 60609",1(773)535-4560,ES,6,7,C,2,2,S,False,2020
609954,41.870742,-87.718666,GREGORY,"3715 W POLK ST Chicago, IL 60624",1(773)534-6820,ES,6,6,S,2,2,S,False,2020
609955,41.73892,-87.645025,GRESHAM,"8524 S GREEN ST Chicago, IL 60620",1(773)535-3350,ES,6,6,S,2,2,S,False,2020
609956,41.775464,-87.758803,GRIMES,"5450 W 64TH PL Chicago, IL 60638",1(773)535-2364,ES,6,5,I,2,1,I,False,2020
609958,41.813007,-87.699364,GUNSAULUS,"4420 S SACRAMENTO AVE Chicago, IL 60632",1(773)535-7215,ES,6,9,C,2,2,S,False,2020
609959,41.849958,-87.633806,HAINES,"247 W 23RD PL Chicago, IL 60616",1(773)534-9200,ES,6,6,S,2,2,S,False,2020
609960,41.780192,-87.776579,HALE,"6140 S MELVINA AVE Chicago, IL 60638",1(773)535-2265,ES,6,6,S,2,3,C,False,2020
609961,41.743753,-87.551862,NINOS HEROES,"8344 S COMMERCIAL AVE Chicago, IL 60617",1(773)535-6694,ES,6,4,I,2,1,I,False,2020
609963,41.94522,-87.670865,HAMILTON,"1650 W CORNELIA AVE Chicago, IL 60657",1(773)534-5484,ES,6,6,S,2,2,S,False,2020
609964,41.807242,-87.661175,HAMLINE,"4747 S BISHOP ST Chicago, IL 60609",1(773)535-4565,ES,6,7,C,2,1,I,False,2020
609966,41.852719,-87.696243,HAMMOND,"2819 W 21ST PL Chicago, IL 60623",1(773)535-4580,ES,6,6,S,2,2,S,False,2020
609967,41.849215,-87.685668,FINKL,"2332 S WESTERN AVE Chicago, IL 60608",1(773)535-5850,ES,6,3,I,2,0,I,False,2020
609968,41.914816,-87.723931,MCAULIFFE,"1841 N SPRINGFIELD AVE Chicago, IL 60647",1(773)534-4400,ES,6,5,I,2,1,I,False,2020
609969,41.793447,-87.586855,HARTE,"1556 E 56TH ST Chicago, IL 60637",1(773)535-0870,ES,6,4,I,2,2,S,False,2020
609971,41.757341,-87.632737,HARVARD,"7525 S HARVARD Chicago, IL 60620",1(773)535-3045,ES,6,6,S,2,1,I,False,2020
609972,41.964029,-87.723128,HAUGAN,"4540 N HAMLIN AVE Chicago, IL 60625",1(773)534-5040,ES,6,6,S,2,2,S,False,2020
609973,41.841394,-87.734313,ZAPATA,"2728 S KOSTNER AVE Chicago, IL 60623",1(773)534-1390,ES,6,7,C,2,2,S,False,2020
609974,41.942275,-87.657709,HAWTHORNE,"3319 N CLIFTON AVE Chicago, IL 60657",1(773)534-5550,ES,6,7,C,2,1,I,False,2020
609975,41.899171,-87.755813,HAY,"1018 N LARAMIE AVE Chicago, IL 60651",1(773)534-6000,ES,6,5,I,2,2,S,False,2020
609976,41.994541,-87.668504,HAYT,"1518 W GRANVILLE AVE Chicago, IL 60660",1(773)534-2040,ES,6,6,S,2,3,C,False,2020
609977,41.773366,-87.594392,WOODLAWN,"6657 S KIMBARK AVE Chicago, IL 60637",1(773)535-0801,ES,6,5,I,2,2,S,True,2020
609978,41.707558,-87.60466,SMITH,"744 E 103RD ST Chicago, IL 60628",1(773)535-5689,ES,6,7,C,2,1,I,False,2020
609979,41.839595,-87.640341,HEALY,"3010 S PARNELL AVE Chicago, IL 60616",1(773)534-9190,ES,6,5,I,2,2,S,False,2020
609981,41.808175,-87.745726,HEARST,"4640 S LAMON AVE Chicago, IL 60638",1(773)535-2376,ES,6,6,S,2,2,S,False,2020
609983,41.807112,-87.673327,HEDGES,"4747 S WINCHESTER AVE Chicago, IL 60609",1(773)535-7360,ES,6,8,C,2,3,C,False,2020
609985,41.878665,-87.735802,HEFFERAN,"4409 W WILCOX ST Chicago, IL 60624",1(773)534-6192,ES,6,6,S,2,2,S,False,2020
609986,41.790591,-87.671887,HENDERSON,"5650 S WOLCOTT AVE Chicago, IL 60636",1(773)535-9080,ES,6,2,I,2,1,I,False,2020
609987,41.815788,-87.633664,HENDRICKS,"4316 S PRINCETON AVE Chicago, IL 60609",1(773)535-1696,ES,6,0,I,2,0,I,False,2020
609988,41.958989,-87.715632,HENRY,"4250 N SAINT LOUIS AVE Chicago, IL 60618",1(773)534-5060,ES,6,7,C,2,3,C,False,2020
609990,41.859741,-87.628349,SOUTH LOOP,"1601 S DEARBORN ST Chicago, IL 60616-1225",1(773)534-8690,ES,6,7,C,2,4,C,False,2020
609991,41.862081,-87.718994,HERZL,"3711 W DOUGLAS BLVD Chicago, IL 60623",1(773)534-1480,ES,6,6,S,2,2,S,False,2020
609993,41.80977,-87.672182,LARA,"4619 S WOLCOTT AVE Chicago, IL 60609",1(773)535-4389,ES,6,6,S,2,2,S,False,2020
609994,41.970335,-87.710362,HIBBARD,"3244 W AINSLIE ST Chicago, IL 60625",1(773)534-5191,ES,6,5,I,2,2,S,False,2020
609995,41.983672,-87.779123,HITCH,"5625 N MCVICKER AVE Chicago, IL 60646",1(773)534-1189,ES,6,9,C,2,2,S,False,2020
609996,41.838027,-87.653792,HOLDEN,"1104 W 31ST ST Chicago, IL 60608",1(773)535-7200,ES,6,6,S,2,2,S,False,2020
609997,41.793788,-87.649795,HOLMES,"955 W GARFIELD BLVD Chicago, IL 60621",1(773)535-9025,ES,6,7,C,2,1,I,False,2020
610000,41.893612,-87.759398,HOWE,"720 N LOREL AVE Chicago, IL 60644",1(773)534-6060,ES,6,6,S,2,2,S,False,2020
610002,41.733338,-87.568228,HOYNE,"8905 S CRANDON AVE Chicago, IL 60617",1(773)535-6425,ES,6,3,I,2,3,C,False,2020
610003,41.742452,-87.653633,CUFFE,"8324 S RACINE AVE Chicago, IL 60620",1(773)535-8250,ES,6,2,I,2,2,S,False,2020
610004,41.700335,-87.611244,CULLEN,"10650 S EBERHART AVE Chicago, IL 60628",1(773)535-5375,ES,6,3,I,2,2,S,False,2020
610005,41.860518,-87.731777,HUGHES C,"4247 W 15TH ST Chicago, IL 60623",1(773)534-1762,ES,6,5,I,2,2,S,False,2020
610006,41.766785,-87.719541,HURLEY,"3849 W 69TH PL Chicago, IL 60629",1(773)535-2068,ES,6,12,C,2,1,I,False,2020
610009,41.871255,-87.653366,GALILEO,"820 S CARPENTER ST Chicago, IL 60607",1(773)534-7070,ES,6,8,C,2,2,S,False,2020
610010,41.939247,-87.67581,JAHN,"3149 N WOLCOTT AVE Chicago, IL 60657",1(773)534-5500,ES,6,9,C,2,3,C,False,2020
610011,41.984641,-87.700529,JAMIESON,"5650 N MOZART ST Chicago, IL 60659",1(773)534-2395,ES,6,6,S,2,1,I,False,2020
610013,41.858849,-87.662209,PILSEN,"1420 W 17TH ST Chicago, IL 60608",1(773)534-7675,ES,6,4,I,2,0,I,False,2020
610015,41.858065,-87.652302,JUNGMAN,"1746 S MILLER ST Chicago, IL 60608",1(773)534-7375,ES,6,4,I,2,0,I,False,2020
610016,41.725263,-87.677233,KELLOGG,"9241 S LEAVITT ST Chicago, IL 60643-6318",1(773)535-2590,ES,6,6,S,2,3,C,False,2020
610017,41.847941,-87.697316,SAUCEDO,"2850 W 24TH BLVD Chicago, IL 60623",1(773)534-1770,ES,6,4,I,2,4,C,False,2020
610019,41.776453,-87.640892,KERSHAW,"6450 S LOWE AVE Chicago, IL 60621",1(773)535-3050,ES,6,8,C,2,3,C,False,2020
610021,41.904503,-87.714234,CASALS,"3501 W POTOMAC AVE Chicago, IL 60651",1(773)534-4444,ES,6,8,C,2,2,S,False,2020
610022,42.00364,-87.668222,KILMER,"6700 N GREENVIEW AVE Chicago, IL 60626",1(773)534-2115,ES,6,7,C,2,2,S,False,2020
610024,41.848488,-87.716017,CARDENAS,"2345 S MILLARD AVE Chicago, IL 60623",1(773)534-1465,ES,6,6,S,2,2,S,False,2020
610026,41.789965,-87.779483,KINZIE,"5625 S MOBILE AVE Chicago, IL 60638",1(773)535-2425,ES,6,6,S,2,2,S,False,2020
610027,41.723627,-87.639521,KIPLING,"9351 S LOWE AVE Chicago, IL 60620",1(773)535-3151,ES,6,4,I,2,2,S,False,2020
610029,41.908886,-87.665093,LOZANO,"1501 N GREENVIEW AVE Chicago, IL 60642",1(773)534-4750,ES,6,6,S,2,2,S,False,2020
610030,41.798002,-87.602481,KOZMINSKI,"936 E 54TH ST Chicago, IL 60615",1(773)535-0980,ES,6,7,C,2,2,S,False,2020
610032,41.719292,-87.6525,GREEN,"1150 W 96TH ST Chicago, IL 60643",1(773)535-2575,ES,6,6,S,2,2,S,False,2020
610033,41.9139,-87.637565,LASALLE,"1734 N ORLEANS ST Chicago, IL 60614",1(773)534-8470,ES,6,9,C,2,2,S,False,2020
610034,41.86296,-87.712957,LAWNDALE,"3500 W DOUGLAS BLVD Chicago, IL 60623",1(773)534-1635,ES,6,3,I,2,3,C,False,2020
610036,41.906826,-87.75455,LEWIS,"1431 N LEAMINGTON AVE Chicago, IL 60651",1(773)534-3060,ES,6,5,I,2,2,S,False,2020
610037,41.797685,-87.659933,LIBBY,"5300 S LOOMIS BLVD Chicago, IL 60609",1(773)535-9050,ES,6,7,C,2,0,I,False,2020
610038,41.924525,-87.644497,LINCOLN,"615 W KEMPER PL Chicago, IL 60614",1(773)534-5720,ES,6,9,C,2,3,C,False,2020
610039,41.940009,-87.702635,VON LINNE,"3221 N SACRAMENTO AVE Chicago, IL 60618",1(773)534-5262,ES,6,7,C,2,1,I,False,2020
610040,41.918814,-87.748515,LLOYD,"2103 N LAMON AVE Chicago, IL 60639",1(773)534-3070,ES,6,6,S,2,3,C,False,2020
610041,41.931762,-87.795604,LOCKE J,"2828 N OAK PARK AVE Chicago, IL 60634",1(773)534-3300,ES,6,5,I,2,2,S,False,2020
610043,41.912718,-87.783919,LOVETT,"6333 W BLOOMINGDALE AVE Chicago, IL 60639",1(773)534-3130,ES,6,2,I,2,4,C,False,2020
610044,41.90652,-87.710217,LOWELL,"3320 W HIRSCH ST Chicago, IL 60651",1(773)534-4300,ES,6,2,I,2,2,S,False,2020
610046,41.934192,-87.777174,LYON,"2941 N MCVICKER AVE Chicago, IL 60634",1(773)534-3120,ES,6,6,S,2,2,S,False,2020
610047,41.759548,-87.590712,MADISON,"7433 S DORCHESTER AVE Chicago, IL 60619",1(773)535-0551,ES,6,2,I,2,2,S,False,2020
610048,41.908247,-87.639827,MANIERRE,"1420 N HUDSON AVE Chicago, IL 60610",1(773)534-8456,ES,6,2,I,2,2,S,False,2020
610051,41.920555,-87.757854,NORTHWEST,"5252 W PALMER ST Chicago, IL 60639",1(773)534-3250,MS,6,2,I,2,1,I,False,2020
610052,41.748274,-87.574816,MANN,"8050 S CHAPPEL AVE Chicago, IL 60617",1(773)535-6640,ES,6,1,I,2,3,C,False,2020
610053,41.773881,-87.69703,MARQUETTE,"6550 S RICHMOND ST Chicago, IL 60629",1(773)535-9260,ES,6,7,C,2,1,I,False,2020
610054,41.716588,-87.552483,MARSH,"9822 S EXCHANGE AVE Chicago, IL 60617",1(773)535-6430,ES,6,4,I,2,0,I,False,2020
610055,41.879714,-87.708092,FARADAY,"3250 W MONROE ST Chicago, IL 60624",1(773)534-6670,ES,6,5,I,2,2,S,False,2020
610056,41.856864,-87.731672,MASON,"4217 W 18TH ST Chicago, IL 60623",1(773)534-1530,ES,6,4,I,2,2,S,False,2020
610057,41.780904,-87.692115,FAIRFIELD,"6201 S FAIRFIELD AVE Chicago, IL 60629",1(773)535-9500,ES,6,5,I,2,2,S,False,2020
610059,41.923204,-87.657287,MAYER,"2250 N CLIFTON AVE Chicago, IL 60614",1(773)534-5535,ES,6,6,S,2,1,I,False,2020
610060,41.8743,-87.660985,JACKSON A,"1340 W HARRISON ST Chicago, IL 60607",1(773)534-7000,ES,6,6,S,2,2,S,False,2020
610062,41.829993,-87.641103,MCCLELLAN,"3527 S WALLACE ST Chicago, IL 60609",1(773)535-1732,ES,6,7,C,2,2,S,False,2020
610063,41.842267,-87.7063,MCCORMICK,"2712 S SAWYER AVE Chicago, IL 60623",1(773)535-7252,ES,6,6,S,2,2,S,False,2020
610065,41.775424,-87.609357,TILL,"6543 S CHAMPLAIN AVE Chicago, IL 60637",1(773)535-0570,ES,6,7,C,2,2,S,False,2020
610066,41.73455,-87.619214,MCDADE,"8801 S INDIANA AVE Chicago, IL 60619",1(773)535-3669,ES,6,6,S,2,0,I,False,2020
610067,41.768143,-87.691787,MCKAY,"6901 S FAIRFIELD AVE Chicago, IL 60629",1(773)535-9340,ES,6,5,I,2,2,S,False,2020
610068,41.923955,-87.761515,HANSON PARK,"5411 W FULLERTON AVE Chicago, IL 60639",1(773)534-3100,ES,6,7,C,2,1,I,False,2020
610070,41.967847,-87.676288,MCPHERSON,"4728 N WOLCOTT AVE Chicago, IL 60640",1(773)534-2625,ES,6,9,C,2,4,C,False,2020
610073,41.892082,-87.683185,MITCHELL,"2233 W OHIO ST Chicago, IL 60612",1(773)534-7655,ES,6,10,C,2,2,S,False,2020
610074,41.929989,-87.719224,MONROE,"3651 W SCHUBERT AVE Chicago, IL 60647",1(773)534-4155,ES,6,7,C,2,6,C,False,2020
610076,41.912505,-87.696941,MOOS,"1711 N CALIFORNIA AVE Chicago, IL 60647",1(773)534-4340,ES,6,7,C,2,4,C,False,2020
610077,41.784313,-87.688549,MORRILL,"6011 S ROCKWELL ST Chicago, IL 60629",1(773)535-9288,ES,6,1,I,2,2,S,False,2020
610078,41.949003,-87.651573,INTER-AMERICAN,"851 W WAVELAND AVE Chicago, IL 60613",1(773)534-5490,ES,6,11,C,2,3,C,False,2020
610081,41.8444,-87.64134,SHERIDAN,"533 W 27TH ST Chicago, IL 60616",1(773)534-9120,ES,6,7,C,2,5,C,False,2020
610082,41.695734,-87.70581,MOUNT GREENWOOD,"10841 S HOMAN AVE Chicago, IL 60655",1(773)535-2786,ES,6,7,C,2,2,S,False,2020
610083,41.970125,-87.78963,BEARD,"6445 W STRONG ST Chicago, IL 60656-4011",1(773)534-1228,ES,6,8,C,2,1,I,False,2020
610084,41.69717,-87.697278,KELLER,"3020 W 108TH ST Chicago, IL 60655",1(773)535-2636,ES,6,4,I,2,1,I,False,2020
610086,41.701952,-87.647652,MOUNT VERNON,"10540 S MORGAN ST Chicago, IL 60643",1(773)535-2825,ES,6,4,I,2,2,S,False,2020
610087,41.776556,-87.790604,BLAIR,"6751 W 63RD PL Chicago, IL 60638",1(773)535-2076,ES,6,6,S,2,2,S,False,2020
610088,41.92091,-87.721888,MOZART,"2200 N HAMLIN AVE Chicago, IL 60647",1(773)534-4160,ES,6,6,S,2,1,I,False,2020
610089,41.950078,-87.716832,MURPHY,"3539 W GRACE ST Chicago, IL 60618",1(773)534-5223,ES,6,11,C,2,2,S,False,2020
610090,41.798535,-87.59334,MURRAY,"5335 S KENWOOD AVE Chicago, IL 60615",1(773)535-0585,ES,6,5,I,2,1,I,False,2020
610091,41.664873,-87.638958,BROWN R,"12607 S UNION AVE Chicago, IL 60628",1(773)535-5385,ES,6,7,C,2,2,S,False,2020
610092,41.89181,-87.747936,NASH,"4837 W ERIE ST Chicago, IL 60644-1720",1(773)534-6125,ES,6,6,S,2,2,S,False,2020
610093,41.738407,-87.620933,NEIL,"8555 S MICHIGAN AVE Chicago, IL 60619",1(773)535-3000,ES,6,5,I,2,1,I,False,2020
610094,41.941637,-87.644561,NETTELHORST,"3252 N BROADWAY ST Chicago, IL 60657",1(773)534-5810,ES,6,5,I,2,3,C,False,2020
610095,41.913947,-87.64599,NEWBERRY,"700 W WILLOW ST Chicago, IL 60614",1(773)534-8000,ES,6,6,S,2,2,S,False,2020
610096,41.797714,-87.689139,NIGHTINGALE,"5250 S ROCKWELL ST Chicago, IL 60632",1(773)535-9270,ES,6,4,I,2,2,S,False,2020
610097,41.919581,-87.73142,NIXON,"2121 N KEELER AVE Chicago, IL 60639",1(773)534-4375,ES,6,5,I,2,1,I,False,2020
610098,41.906155,-87.729955,NOBEL,"4127 W HIRSCH ST Chicago, IL 60651",1(773)534-4365,ES,6,6,S,2,2,S,False,2020
610099,41.988153,-87.802979,NORWOOD PARK,"5900 N NINA AVE Chicago, IL 60631",1(773)534-1198,ES,6,7,C,2,2,S,False,2020
610100,41.906907,-87.732443,WEST PARK,"1425 N TRIPP AVE Chicago, IL 60651",1(773)534-4940,ES,6,4,I,2,1,I,False,2020
610101,41.899976,-87.629297,OGDEN ES,"24 W WALTON ST Chicago, IL 60610",1(773)534-8110,ES,6,9,C,2,1,I,False,2020
610102,41.75467,-87.645469,OGLESBY,"7646 S GREEN ST Chicago, IL 60620",1(773)535-3060,ES,6,2,I,2,4,C,False,2020
610103,41.768602,-87.572806,OKEEFFE,"6940 S MERRILL AVE Chicago, IL 60649",1(773)535-0600,ES,6,3,I,2,1,I,False,2020
610104,41.99379,-87.793108,ONAHAN,"6634 W RAVEN ST Chicago, IL 60631",1(773)534-1180,ES,6,10,C,2,3,C,False,2020
610105,41.978501,-87.812054,ORIOLE PARK,"5424 N OKETO AVE Chicago, IL 60656",1(773)534-1201,ES,6,10,C,2,2,S,False,2020
610106,41.90014,-87.731261,PICCOLO,"1040 N KEELER AVE Chicago, IL 60651",1(773)534-4425,ES,6,3,I,2,1,I,False,2020
610107,41.891806,-87.665426,OTIS,"525 N ARMOUR ST Chicago, IL 60642",1(773)534-7665,ES,6,6,S,2,2,S,False,2020
610108,41.774571,-87.674865,OTOOLE,"6550 S SEELEY AVE Chicago, IL 60636",1(773)535-9040,ES,6,2,I,2,2,S,False,2020
610109,41.74285,-87.705749,OWEN,"8247 S CHRISTIANA AVE Chicago, IL 60652",1(773)535-9330,ES,6,5,I,2,1,I,False,2020
610110,41.827355,-87.61978,WELLS ES,"249 E 37TH ST Chicago, IL 60653",1(773)535-1204,ES,6,3,I,2,2,S,False,2020
610111,41.973289,-87.739213,PALMER,"5051 N KENNETH AVE Chicago, IL 60630",1(773)534-3704,ES,6,7,C,2,2,S,False,2020
610112,41.77078,-87.634086,PARKER,"6800 S STEWART AVE Chicago, IL 60621",1(773)535-3375,ES,6,5,I,2,2,S,False,2020
610115,41.766477,-87.611546,PARK MANOR,"7037 S RHODES AVE Chicago, IL 60637",1(773)535-3070,ES,6,6,S,2,2,S,False,2020
610116,41.768555,-87.582954,PARKSIDE,"6938 S EAST END AVE Chicago, IL 60649",1(773)535-0940,ES,6,4,I,2,2,S,False,2020
610117,41.786895,-87.732666,PASTEUR,"5825 S KOSTNER AVE Chicago, IL 60629",1(773)535-2270,ES,6,4,I,2,2,S,False,2020
610120,41.787899,-87.719216,PECK,"3826 W 58TH ST Chicago, IL 60629",1(773)535-2450,ES,6,6,S,2,3,C,False,2020
610121,41.871595,-87.683616,IRVING,"749 S OAKLEY BLVD Chicago, IL 60612",1(773)534-7295,ES,6,3,I,2,2,S,False,2020
610122,41.983456,-87.66585,PEIRCE,"1423 W BRYN MAWR AVE Chicago, IL 60660",1(773)534-2440,ES,6,8,C,2,3,C,False,2020
610123,41.858372,-87.722386,PENN,"1616 S AVERS AVE Chicago, IL 60623",1(773)534-1665,ES,6,2,I,2,3,C,False,2020
610124,41.728534,-87.596257,WASHINGTON H ES,"9130 S UNIVERSITY AVE Chicago, IL 60619",1(773)535-6225,ES,6,4,I,2,2,S,False,2020
610125,41.848101,-87.680745,RUIZ,"2410 S LEAVITT ST Chicago, IL 60608",1(773)535-4825,ES,6,6,S,2,2,S,False,2020
610126,41.836527,-87.618338,PERSHING,"3200 S CALUMET AVE Chicago, IL 60616",1(773)534-9272,ES,6,3,I,2,3,C,False,2020
610127,41.981557,-87.712583,PETERSON,"5510 N CHRISTIANA AVE Chicago, IL 60625",1(773)534-5070,ES,6,6,S,2,3,C,False,2020
610128,41.706603,-87.647577,GARVEY,"10309 S MORGAN ST Chicago, IL 60643",1(773)535-2763,ES,6,3,I,2,2,S,False,2020
610129,41.8529,-87.683291,PICKARD,"2301 W 21ST PL Chicago, IL 60608",1(773)535-7280,ES,6,6,S,2,2,S,False,2020
610130,41.74034,-87.607891,PIRIE,"650 E 85TH ST Chicago, IL 60619",1(773)535-3435,ES,6,3,I,2,2,S,False,2020
610131,41.860259,-87.692526,PLAMONDON,"2642 W 15TH PL Chicago, IL 60608",1(773)534-1789,ES,6,5,I,2,1,I,False,2020
610132,41.70263,-87.606419,POE,"10538 S LANGLEY AVE Chicago, IL 60628",1(773)535-5525,ES,6,6,S,2,1,I,False,2020
610133,41.893236,-87.718797,WARD L,"646 N LAWNDALE AVE Chicago, IL 60624",1(773)534-6440,ES,6,9,C,2,6,C,False,2020
610135,41.956988,-87.761007,PORTAGE PARK,"5330 W BERTEAU AVE Chicago, IL 60641",1(773)534-3576,ES,6,5,I,2,0,I,False,2020
610136,41.928841,-87.669528,PRESCOTT,"1632 W WRIGHTWOOD AVE Chicago, IL 60614",1(773)534-5505,ES,6,4,I,2,2,S,False,2020
610137,41.965619,-87.772414,PRUSSING,"4650 N MENARD AVE Chicago, IL 60630",1(773)534-3460,ES,6,6,S,2,1,I,False,2020
610138,41.918486,-87.683801,PULASKI,"2230 W MCLEAN AVE Chicago, IL 60647",1(773)534-4391,ES,6,9,C,2,3,C,False,2020
610139,41.688819,-87.609431,PULLMAN,"11311 S FORRESTVILLE AVE Chicago, IL 60628",1(773)535-5395,ES,6,2,I,2,2,S,False,2020
610141,41.960746,-87.670922,RAVENSWOOD,"4332 N PAULINA ST Chicago, IL 60613",1(773)534-5525,ES,6,12,C,2,0,I,False,2020
610142,41.792348,-87.594752,RAY,"5631 S KIMBARK AVE Chicago, IL 60637",1(773)535-0970,ES,6,5,I,2,2,S,False,2020
610143,41.804174,-87.604925,REAVIS,"834 E 50TH ST Chicago, IL 60615",1(773)535-1060,ES,6,2,I,2,2,S,False,2020
610144,41.941094,-87.719541,REILLY,"3650 W SCHOOL ST Chicago, IL 60618",1(773)534-5250,ES,6,3,I,2,2,S,False,2020
610145,41.943019,-87.768983,REINBERG,"3425 N MAJOR AVE Chicago, IL 60634",1(773)534-3465,ES,6,4,I,2,3,C,False,2020
610146,41.764196,-87.600177,REVERE,"1010 E 72ND ST Chicago, IL 60619",1(773)535-0618,ES,6,3,I,2,1,I,False,2020
610147,42.015265,-87.697185,ROGERS,"7345 N WASHTENAW AVE Chicago, IL 60645",1(773)534-2125,ES,6,6,S,2,2,S,False,2020
610148,41.807143,-87.666037,CHAVEZ,"4747 S MARSHFIELD AVE Chicago, IL 60609",1(773)535-4600,ES,6,6,S,2,2,S,False,2020
610152,41.751946,-87.618066,RUGGLES,"7831 S PRAIRIE AVE Chicago, IL 60619",1(773)535-3085,ES,6,7,C,2,3,C,False,2020
610153,41.735379,-87.638843,RYDER,"8716 S WALLACE ST Chicago, IL 60620",1(773)535-3843,ES,6,9,C,2,2,S,False,2020
610155,41.991169,-87.745951,SAUGANASH,"6040 N KILPATRICK AVE Chicago, IL 60646",1(773)534-3470,ES,6,6,S,2,2,S,False,2020
610157,41.797498,-87.705006,SAWYER,"5248 S SAWYER AVE Chicago, IL 60632",1(773)535-0440,ES,6,5,I,2,1,I,False,2020
610158,41.914151,-87.798721,SAYRE,"1850 N NEWLAND AVE Chicago, IL 60707",1(773)534-3351,ES,6,4,I,2,2,S,False,2020
610159,41.941678,-87.732179,SCAMMON,"4201 W HENDERSON ST Chicago, IL 60641",1(773)534-3475,ES,6,7,C,2,2,S,False,2020
610163,42.016892,-87.814195,STOCK,"7507 W BIRCHWOOD AVE Chicago, IL 60631",1(773)534-1215,ES,6,5,I,2,2,S,False,2020
610165,41.930403,-87.76119,SCHUBERT,"2727 N LONG AVE Chicago, IL 60639",1(773)534-3080,ES,6,3,I,2,2,S,False,2020
610167,41.810333,-87.668772,SEWARD,"4600 S HERMITAGE AVE Chicago, IL 60609",1(773)535-4890,ES,6,2,I,2,2,S,False,2020
610170,41.811069,-87.704199,COLUMBIA EXPLORERS,"4520 S KEDZIE AVE Chicago, IL 60632",1(773)535-4050,ES,6,6,S,2,2,S,False,2020
610171,41.731717,-87.552788,MIRELES,"9000 S EXCHANGE AVE Chicago, IL 60617",1(773)535-6360,ES,6,5,I,2,2,S,False,2020
610172,41.799766,-87.650221,SHERMAN,"1000 W 52ND ST Chicago, IL 60609",1(773)535-1757,ES,6,3,I,2,1,I,False,2020
610173,41.7908,-87.632279,SHERWOOD,"245 W 57TH ST Chicago, IL 60621",1(773)535-0829,ES,6,6,S,2,2,S,False,2020
610174,41.815909,-87.689647,SHIELDS,"4250 S ROCKWELL ST Chicago, IL 60632",1(773)535-7285,ES,6,7,C,2,2,S,False,2020
610175,41.804294,-87.593905,SHOESMITH,"1330 E 50TH ST Chicago, IL 60615",1(773)535-1764,ES,6,3,I,2,3,C,False,2020
610176,41.690919,-87.658669,SHOOP,"11140 S BISHOP ST Chicago, IL 60643",1(773)535-2715,ES,6,3,I,2,3,C,False,2020
610177,41.879103,-87.659419,SKINNER,"1260 W ADAMS ST Chicago, IL 60607",1(773)534-7790,ES,6,9,C,2,4,C,False,2020
610178,41.716989,-87.596932,SCHMID,"9755 S GREENWOOD AVE Chicago, IL 60628",1(773)535-6235,ES,6,2,I,2,2,S,False,2020
610179,41.958868,-87.781975,SMYSER,"4310 N MELVINA AVE Chicago, IL 60634",1(773)534-3711,ES,6,5,I,2,2,S,False,2020
610180,41.865351,-87.653445,SMYTH,"1059 W 13TH ST Chicago, IL 60608",1(773)534-7180,ES,6,8,C,2,2,S,False,2020
610182,41.993942,-87.724043,SOLOMON,"6206 N HAMLIN AVE Chicago, IL 60659",1(773)534-5226,ES,6,5,I,2,1,I,False,2020
610183,41.884876,-87.750445,SPENCER,"214 N LAVERGNE AVE Chicago, IL 60644",1(773)534-6150,ES,6,4,I,2,1,I,False,2020
610184,41.847747,-87.700184,SPRY ES,"2400 S MARSHALL BLVD Chicago, IL 60623",1(773)534-1700,ES,6,4,I,2,1,I,False,2020
610185,41.747107,-87.731666,STEVENSON,"8010 S KOSTNER AVE Chicago, IL 60652",1(773)535-2280,ES,6,5,I,2,2,S,False,2020
610188,41.696496,-87.639974,DUNNE,"10845 S UNION AVE Chicago, IL 60628",1(773)535-5517,ES,6,6,S,2,2,S,False,2020
610191,41.995359,-87.684793,STONE,"6239 N LEAVITT ST Chicago, IL 60659",1(773)534-2045,ES,6,7,C,2,2,S,False,2020
610192,41.911938,-87.713318,STOWE,"3444 W WABANSIA AVE Chicago, IL 60647",1(773)534-4175,ES,6,4,I,2,2,S,False,2020
610193,41.743829,-87.542928,NEW SULLIVAN,"8331 S MACKINAW AVE Chicago, IL 60617",1(773)535-6585,ES,6,2,I,2,2,S,False,2020
610194,41.870828,-87.733524,SUMNER,"4320 W 5TH AVE Chicago, IL 60624",1(773)534-6730,ES,6,4,I,2,2,S,False,2020
610195,41.711445,-87.676821,SUTHERLAND,"10015 S LEAVITT ST Chicago, IL 60643",1(773)535-2580,ES,6,12,C,2,3,C,False,2020
610196,41.989139,-87.658296,SWIFT,"5900 N WINTHROP AVE Chicago, IL 60660",1(773)534-2695,ES,6,7,C,2,2,S,False,2020
610197,41.892405,-87.673723,TALCOTT,"1840 W OHIO ST Chicago, IL 60622",1(773)534-7130,ES,6,6,S,2,3,C,False,2020
610198,41.71547,-87.532971,TAYLOR,"9912 S AVENUE H Chicago, IL 60617",1(773)535-6240,ES,6,6,S,2,0,I,False,2020
610199,41.677505,-87.658111,COLEMON,"1441 W 119TH ST Chicago, IL 60643",1(773)535-3975,ES,6,7,C,2,2,S,False,2020
610200,41.733324,-87.54428,THORP J,"8914 S BUFFALO AVE Chicago, IL 60617",1(773)535-6250,ES,6,3,I,2,1,I,False,2020
610201,41.948571,-87.777631,THORP O,"6024 W WARWICK AVE Chicago, IL 60634",1(773)534-3640,ES,6,7,C,2,2,S,False,2020
610202,41.884102,-87.730566,TILTON,"223 N KEELER AVE Chicago, IL 60624",1(773)534-6746,ES,6,5,I,2,3,C,False,2020
610203,41.787523,-87.708179,TONTI,"5815 S HOMAN AVE Chicago, IL 60629",1(773)535-9280,ES,6,12,C,2,5,C,False,2020
610206,41.799046,-87.758928,TWAIN,"5134 S LOTUS AVE Chicago, IL 60638",1(773)535-2290,ES,6,6,S,2,2,S,False,2020
610207,41.720817,-87.665559,VANDERPOEL,"9510 S PROSPECT AVE Chicago, IL 60643",1(773)535-2690,ES,6,7,C,2,2,S,False,2020
610208,41.696262,-87.627148,LAVIZZO,"138 W 109TH ST Chicago, IL 60628",1(773)535-5300,ES,6,6,S,2,2,S,False,2020
610209,41.971634,-87.724605,VOLTA,"4950 N AVERS AVE Chicago, IL 60625",1(773)534-5080,ES,6,11,C,2,3,C,False,2020
610212,41.971504,-87.710609,ALBANY PARK,"4929 N SAWYER AVE Chicago, IL 60625",1(773)534-5108,MS,6,5,I,2,2,S,False,2020
610213,41.773478,-87.601018,WADSWORTH,"6650 S ELLIS AVE Chicago, IL 60637",1(773)535-0730,ES,6,3,I,2,1,I,False,2020
610215,41.840957,-87.705064,MADERO,"3202 W 28TH ST Chicago, IL 60623",1(773)535-4466,MS,6,3,I,2,2,S,False,2020
610216,41.854836,-87.648086,WALSH,"2015 S PEORIA ST Chicago, IL 60608",1(773)534-7950,ES,6,5,I,2,1,I,False,2020
610217,41.84398,-87.635356,WARD J,"2701 S SHIELDS AVE Chicago, IL 60616",1(773)534-9050,ES,6,8,C,2,2,S,False,2020
610218,41.726763,-87.575353,WARREN,"9239 S JEFFERY AVE Chicago, IL 60617",1(773)535-6625,ES,6,4,I,2,2,S,False,2020
610219,41.688131,-87.536015,WASHINGTON G ES,"3611 E 114TH ST Chicago, IL 60617",1(773)535-5010,ES,6,7,C,2,2,S,False,2020
610220,41.964165,-87.691433,WATERS,"4540 N CAMPBELL AVE Chicago, IL 60625",1(773)534-5090,ES,6,15,C,2,3,C,False,2020
610221,41.869916,-87.727524,WEBSTER,"4055 W ARTHINGTON ST Chicago, IL 60624",1(773)534-6925,ES,6,2,I,2,1,I,False,2020
610223,41.765076,-87.658205,WENTWORTH,"1340 W 71ST ST Chicago, IL 60636",1(773)535-3394,ES,6,3,I,2,2,S,False,2020
610225,41.683907,-87.655384,WHISTLER,"11533 S ADA ST Chicago, IL 60643",1(773)535-5560,ES,6,5,I,2,2,S,False,2020
610226,41.792346,-87.710987,SANDOVAL,"5534 S SAINT LOUIS AVE Chicago, IL 60629",1(773)535-0457,ES,6,6,S,2,2,S,False,2020
610227,41.84008,-87.725546,WHITNEY,"2815 S KOMENSKY AVE Chicago, IL 60623",1(773)534-1560,ES,6,3,I,2,4,C,False,2020
610228,41.850481,-87.673392,WHITTIER,"1900 W 23RD ST Chicago, IL 60608",1(773)535-4590,ES,6,2,I,2,2,S,False,2020
610229,41.907053,-87.677761,PRITZKER,"2009 W SCHILLER ST Chicago, IL 60622",1(773)534-4415,ES,6,10,C,2,4,C,False,2020
610230,42.007491,-87.778345,WILDWOOD,"6950 N HIAWATHA AVE Chicago, IL 60646",1(773)534-1188,ES,6,6,S,2,2,S,False,2020
610231,41.8528,-87.629308,NATIONAL TEACHERS,"55 W CERMAK RD Chicago, IL 60616",1(773)534-9970,ES,2,9,C,2,0,I,True,2020
610234,41.915039,-87.70028,YATES,"1839 N RICHMOND ST Chicago, IL 60647",1(773)534-4550,ES,6,3,I,2,1,I,False,2020
610235,41.906791,-87.767143,YOUNG ES,"1434 N PARKSIDE AVE Chicago, IL 60651",1(773)534-6200,ES,6,6,S,2,2,S,False,2020
610237,41.809135,-87.627137,BEETHOVEN,"25 W 47TH ST Chicago, IL 60609",1(773)535-1480,ES,6,1,I,2,2,S,False,2020
610238,41.765361,-87.653018,BOND,"7050 S MAY ST Chicago, IL 60621",1(773)535-3480,ES,6,5,I,2,0,I,False,2020
610239,41.802343,-87.672206,DALEY,"5024 S WOLCOTT AVE Chicago, IL 60609",1(773)535-9091,ES,6,5,I,2,2,S,False,2020
610242,41.959984,-87.649749,BRENNEMANN,"4251 N CLARENDON AVE Chicago, IL 60613",1(773)534-5766,ES,6,12,C,2,6,C,False,2020
610244,41.872885,-87.753325,CLARK HS,"5101 W HARRISON ST Chicago, IL 60644",1(773)534-6250,HS,6,7,C,2,2,S,False,2020
610245,41.890369,-87.767668,DOUGLASS HS,"543 N WALLER AVE Chicago, IL 60644",1(773)534-6176,HS,6,2,I,2,2,S,False,2020
610246,41.798465,-87.625692,BEASLEY,"5255 S STATE ST Chicago, IL 60609",1(773)535-1230,ES,6,12,C,2,4,C,False,2020
610248,41.943056,-87.778187,CHICAGO ACADEMY ES,"3400 N AUSTIN AVE Chicago, IL 60634",1(773)534-3885,ES,2,2,S,2,0,I,True,2020
610249,41.794048,-87.690261,TALMAN,"5450 S TALMAN AVE Chicago, IL 60632",1(773)535-7850,ES,6,6,S,2,2,S,False,2020
610250,41.901417,-87.633632,SALAZAR,"160 W WENDELL ST Chicago, IL 60610",1(773)534-8310,ES,6,6,S,2,2,S,False,2020
610251,41.88295,-87.699187,CATHER,"2908 W WASHINGTON BLVD Chicago, IL 60612",1(773)534-6780,ES,6,2,I,2,3,C,False,2020
610252,41.87987,-87.680315,DETT,"2131 W MONROE ST Chicago, IL 60612",1(773)534-7160,ES,6,13,C,2,3,C,False,2020
610254,41.858883,-87.715744,DVORAK,"3615 W 16TH ST Chicago, IL 60623",1(773)534-1690,ES,6,6,S,2,2,S,False,2020
610256,41.817349,-87.599067,ROBINSON,"4225 S LAKE PARK AVE Chicago, IL 60653",1(773)535-1777,ES,6,4,I,2,3,C,False,2020
610257,41.889178,-87.705108,MORTON,"431 N TROY ST Chicago, IL 60612",1(773)534-6791,ES,6,5,I,2,0,I,False,2020
610263,41.7799,-87.617214,DULLES,"6311 S CALUMET AVE Chicago, IL 60637",1(773)535-0690,ES,6,4,I,2,2,S,False,2020
610268,41.740184,-87.601174,ASHE,"8505 S INGLESIDE AVE Chicago, IL 60619",1(773)535-3550,ES,6,7,C,2,2,S,False,2020
610269,41.970949,-87.654758,MCCUTCHEON,"4865 N SHERIDAN RD Chicago, IL 60640",1(773)534-2680,ES,6,8,C,2,5,C,False,2020
610271,41.873815,-87.702241,JENSEN,"3030 W HARRISON ST Chicago, IL 60612",1(773)534-6840,ES,6,5,I,2,1,I,False,2020
610274,41.861836,-87.703139,JOHNSON,"1420 S ALBANY AVE Chicago, IL 60623",1(773)534-1829,ES,6,6,S,2,1,I,False,2020
610276,41.814358,-87.616618,MOLLISON,"4415 S DR MARTIN L KING JR DR Chicago, IL 60653",1(773)535-1804,ES,6,9,C,2,3,C,False,2020
610279,41.760673,-87.606791,TANNER,"7350 S EVANS AVE Chicago, IL 60619",1(773)535-3870,ES,6,4,I,2,1,I,False,2020
610281,41.760332,-87.556789,POWELL,"7511 S SOUTH SHORE DR Chicago, IL 60649",1(773)535-6650,ES,6,4,I,2,1,I,False,2020
610282,41.897819,-87.746731,MCNAIR,"4820 W WALTON ST Chicago, IL 60651",1(773)534-8980,ES,6,3,I,2,0,I,False,2020
610284,42.007703,-87.673168,NEW FIELD,"1707 W MORSE AVE Chicago, IL 60626",1(773)534-2760,ES,6,6,S,2,2,S,False,2020
610287,41.742351,-87.70961,ASHBURN,"8300 S ST LOUIS AVE Chicago, IL 60652",1(773)535-7860,ES,6,13,C,2,3,C,False,2020
610290,41.772727,-87.637277,MAYS,"6656 S NORMAL BLVD Chicago, IL 60621",1(773)535-3892,ES,6,7,C,2,2,S,False,2020
610291,41.775305,-87.728884,LEE,"6448 S TRIPP AVE Chicago, IL 60629",1(773)535-2255,ES,6,6,S,2,2,S,False,2020
610293,41.878799,-87.724661,MELODY,"3937 W WILCOX ST Chicago, IL 60624",1(773)534-6850,ES,6,2,I,2,2,S,False,2020
610295,41.681031,-87.646994,HIGGINS,"11710 S MORGAN ST Chicago, IL 60643",1(773)535-5625,ES,6,6,S,2,2,S,False,2020
610298,41.747186,-87.62804,LENART,"8101 S LASALLE ST Chicago, IL 60620",1(773)535-0040,ES,6,5,I,2,1,I,False,2020
610299,41.765335,-87.641335,KING ES,"644 W 71ST ST Chicago, IL 60621",1(773)535-3875,ES,6,6,S,2,2,S,False,2020
610300,41.748868,-87.634751,WESTCOTT,"409 W 80TH ST Chicago, IL 60620",1(773)535-3090,ES,6,7,C,2,2,S,False,2020
610304,41.879118,-87.68696,PHOENIX MILITARY HS,"145 S CAMPBELL AVE Chicago, IL 60612",1(773)534-7275,HS,6,4,I,2,2,S,True,2020
610305,41.873587,-87.749276,LELAND,"512 S LAVERGNE AVE Chicago, IL 60644",1(773)534-6340,ES,6,4,I,2,3,C,False,2020
610308,41.883568,-87.669477,RUDOLPH,"1628 W WASHINGTON BLVD Chicago, IL 60612-2613",1(773)534-7460,ES,6,9,C,2,2,S,False,2020
610312,41.733132,-87.589589,MCDOWELL,"1419 E 89TH ST Chicago, IL 60619",1(773)535-6404,ES,6,6,S,2,2,S,False,2020
610313,41.905294,-87.685756,DE DIEGO,"1313 N CLAREMONT AVE Chicago, IL 60622",1(773)534-4451,ES,6,4,I,2,3,C,False,2020
610315,41.672309,-87.650539,WHITE,"1136 W 122ND ST Chicago, IL 60643",1(773)535-5672,ES,6,6,S,2,0,I,False,2020
610316,41.726107,-87.582182,EARHART,"1710 E 93RD ST Chicago, IL 60617",1(773)535-6416,ES,6,7,C,2,0,I,False,2020
610317,41.8239,-87.692077,BRIGHTON PARK,"3825 S WASHTENAW AVE Chicago, IL 60632",1(773)535-7237,ES,6,6,S,2,1,I,False,2020
610319,41.829356,-87.667817,EVERGREEN,"3537 S PAULINA ST Chicago, IL 60609",1(773)535-4836,MS,6,4,I,2,2,S,False,2020
610323,41.734627,-87.55755,BOWEN HS,"2710 E 89TH ST Chicago, IL 60617",1(773)535-7650,HS,6,4,I,2,2,S,False,2020
610325,41.93397,-87.708041,AVONDALE-LOGANDALE,"3212 W GEORGE ST Chicago, IL 60618",1(773)534-5350,ES,6,7,C,2,3,C,False,2020
610329,41.857755,-87.67521,OROZCO,"1940 W 18TH ST Chicago, IL 60608",1(773)534-7215,ES,6,4,I,2,3,C,False,2020
610334,41.88621,-87.715423,RABY HS,"3545 W FULTON BLVD Chicago, IL 60624",1(773)534-6755,HS,7,2,I,1,1,S,True,2020
610339,41.758925,-87.649217,STAGG,"7424 S MORGAN ST Chicago, IL 60621",1(773)535-3565,ES,6,5,I,2,2,S,False,2020
610340,41.943054,-87.776847,CHICAGO ACADEMY HS,"3400 N AUSTIN AVE Chicago, IL 60634",1(773)534-0146,HS,2,2,S,2,3,C,True,2020
610342,41.906816,-87.68305,SABIN,"2216 W HIRSCH ST Chicago, IL 60622",1(773)534-4490,ES,6,4,I,2,4,C,False,2020
610345,41.814499,-87.608419,WOODSON,"4414 S EVANS AVE Chicago, IL 60653",1(773)535-1280,ES,6,7,C,2,4,C,False,2020
610347,41.777511,-87.681061,CLAREMONT,"2300 W 64TH ST Chicago, IL 60636",1(773)535-8110,ES,6,5,I,2,2,S,False,2020
610350,41.729692,-87.576643,BLACK,"9101 S EUCLID AVE Chicago, IL 60617-3749",1(773)535-6390,ES,6,7,C,2,2,S,False,2020
610352,41.738844,-87.729955,DURKIN PARK,"8445 S KOLIN AVE Chicago, IL 60652",1(773)535-2322,ES,6,6,S,2,1,I,False,2020
610353,41.824377,-87.711654,CALMECA,"3456 W 38TH ST Chicago, IL 60632",1(773)535-7000,ES,6,7,C,2,2,S,False,2020
610354,41.961721,-87.707151,NORTH RIVER,"4416 N TROY ST Chicago, IL 60625",1(773)534-0590,ES,6,8,C,2,2,S,False,2020
610355,41.962308,-87.663853,COURTENAY,"4420 N BEACON ST Chicago, IL 60640",1(773)534-5790,ES,6,4,I,2,3,C,False,2020
610362,41.715665,-87.639305,EVERS,"9811 S LOWE AVE Chicago, IL 60628",1(773)535-2565,ES,6,5,I,2,1,I,False,2020
610363,41.956816,-87.646083,DISNEY,"4140 N MARINE DR Chicago, IL 60613",1(773)534-5840,ES,6,9,C,2,3,C,False,2020
610364,41.653733,-87.61432,DUBOIS,"330 E 133RD ST Chicago, IL 60827",1(773)535-5582,ES,6,3,I,2,1,I,False,2020
610366,41.716193,-87.648044,WACKER,"9746 S MORGAN ST Chicago, IL 60643",1(773)535-2821,ES,6,8,C,2,2,S,False,2020
610367,41.877979,-87.766298,DEPRIEST,"139 S PARKSIDE AVE Chicago, IL 60644",1(773)534-6800,ES,6,3,I,2,1,I,False,2020
610368,41.705342,-87.629869,HUGHES L,"240 W 104TH ST Chicago, IL 60628",1(773)535-5075,ES,6,3,I,2,3,C,False,2020
610369,41.734125,-87.646767,JACKSON M,"917 W 88TH ST Chicago, IL 60620",1(773)535-3341,ES,6,2,I,2,1,I,False,2020
610380,41.806118,-87.62503,WILLIAMS HS,"4934 S WABASH AVE Chicago, IL 60615",1(773)535-1120,HS,6,1,I,2,0,I,True,2020
610381,41.805204,-87.625004,BRONZEVILLE HS,"4934 S WABASH AVE Chicago, IL 60615",1(773)535-1150,HS,6,4,I,2,2,S,True,2020
610383,41.833507,-87.735299,SOCIAL JUSTICE HS,"3120 S KOSTNER AVE Chicago, IL 60623",1(773)535-4300,HS,6,4,I,2,1,I,True,2020
610384,41.836169,-87.735278,INFINITY HS,"3120 S KOSTNER AVE Chicago, IL 60623",1(773)535-4225,HS,6,2,I,2,1,I,True,2020
610385,41.835282,-87.735283,MULTICULTURAL HS,"3120 S KOSTNER AVE Chicago, IL 60623",1(773)535-4242,HS,6,4,I,2,0,I,True,2020
610389,41.894449,-87.726166,ORR HS,"730 N PULASKI RD Chicago, IL 60624",1(773)534-6500,HS,2,8,C,2,2,S,True,2020
610390,41.989021,-87.665789,RICKOVER MILITARY HS,"5700 W BERTEAU AVE Chicago, IL 60634-1717",1(773)534-2890,HS,6,4,I,2,2,S,True,2020
610391,41.782041,-87.671662,LINDBLOM HS,"6130 S WOLCOTT AVE Chicago, IL 60636",1(773)535-9300,HS,6,6,S,2,2,S,True,2020
610392,41.834397,-87.735292,WORLD LANGUAGE HS,"3120 S KOSTNER AVE Chicago, IL 60623",1(773)535-4334,HS,6,4,I,2,1,I,True,2020
610394,41.965547,-87.652473,UPLIFT HS,"900 W WILSON AVE Chicago, IL 60640",1(773)534-2875,HS,6,3,I,2,5,C,True,2020
610396,41.764407,-87.706445,TARKINGTON,"3330 W 71ST ST Chicago, IL 60629",1(773)535-4700,ES,2,3,C,2,2,S,True,2020
610402,41.941388,-87.690761,DEVRY HS,"3300 N CAMPBELL AVE Chicago, IL 60618-5943",1(773)697-2216,HS,6,0,I,2,0,I,True,2020
610405,41.883215,-87.677636,SUDER,"2022 W WASHINGTON BLVD Chicago, IL 60612",1(773)534-7685,ES,6,14,C,2,3,C,True,2020
610499,41.864149,-87.702042,COLLINS HS,"1313 S SACRAMENTO DR Chicago, IL 60623",1(773)534-1840,HS,2,2,S,2,1,I,True,2020
610503,41.86698,-87.727244,FRAZIER PROSPECTIVE,"4027 W GRENSHAW ST Chicago, IL 60624",1(773)534-6880,ES,6,4,I,2,2,S,True,2020
610504,41.827775,-87.677542,THOMAS,"3625 S HOYNE AVE Chicago, IL 60609",1(773)535-4088,ES,6,6,S,2,2,S,True,2020
610513,41.828145,-87.632757,AIR FORCE HS,"3630 S WELLS ST Chicago, IL 60609",1(773)535-1590,HS,6,6,S,2,0,I,True,2020
610515,41.950461,-87.730678,DISNEY II ES,"3815 N KEDVALE AVE Chicago, IL 60641",1(773)534-3750,ES,6,7,C,2,1,I,False,2020
610518,41.885993,-87.761916,AUSTIN CCA HS,"231 N PINE AVE Chicago, IL 60644",1(773)534-0660,HS,6,2,I,2,2,S,False,2020
610520,41.902914,-87.673696,LASALLE II,"1148 N HONORE ST Chicago, IL 60622",1(773)534-0490,ES,6,8,C,2,4,C,False,2020
610521,41.771221,-87.66653,DAVIS M,"6740 S PAULINA ST Chicago, IL 60636-3307",1(773)535-9120,ES,6,11,C,2,4,C,False,2020
610523,41.994238,-87.813771,EDISON PARK,"6220 N OLCOTT AVE Chicago, IL 60631",1(773)534-0960,ES,6,9,C,2,1,I,False,2020
610524,41.935795,-87.680562,ALCOTT HS,"2957 N HOYNE AVE Chicago, IL 60618-8208",1(773)534-5970,HS,6,2,I,2,2,S,False,2020
610530,41.767755,-87.590396,SOUTH SHORE ES,"1415 E 70TH ST Chicago, IL 60637",1(773)535-8340,ES,6,4,I,2,2,S,False,2020
610532,41.793479,-87.71137,HERNANDEZ,"3510 W 55TH ST Chicago, IL 60632",1(773)535-8850,MS,6,7,C,2,2,S,False,2020
610533,41.921318,-87.765781,PRIETO,"2231 N CENTRAL AVE Chicago, IL 60639",1(773)534-0210,ES,6,6,S,2,1,I,False,2020
610534,41.905109,-87.644841,SKINNER NORTH,"640 W SCOTT ST Chicago, IL 60610",1(773)534-8500,ES,6,10,C,2,1,I,False,2020
610539,41.934931,-87.770127,CAMRAS,"3000 N MANGO AVE Chicago, IL 60634",1(773)534-2960,ES,6,3,I,2,2,S,False,2020
610541,41.940026,-87.724783,LORCA,"3231 N SPRINGFIELD AVE Chicago, IL 60618",1(773)534-0950,ES,6,2,I,2,2,S,False,2020
610542,42.002959,-87.705917,WEST RIDGE,"6700 N WHIPPLE ST Chicago, IL 60645",1(773)534-8250,ES,6,4,I,2,2,S,False,2020
610543,41.795201,-87.711059,SOLORIO HS,"5400 S ST LOUIS AVE Chicago, IL 60632",1(773)535-9070,HS,2,2,S,2,2,S,True,2020
610544,41.771079,-87.73992,AZUELA,"4707 W MARQUETTE RD Chicago, IL 60629",1(773)535-7395,ES,6,6,S,2,1,I,False,2020
610547,41.758792,-87.576353,SOUTH SHORE INTL HS,"1955 E 75TH ST Chicago, IL 60649",1(773)535-8350,HS,6,5,I,2,1,I,False,2020
610548,41.868576,-87.664969,STEM,"1522 W FILLMORE ST Chicago, IL 60607",1(773)534-7300,ES,6,3,I,2,0,I,False,2020
610558,41.75375,-87.707345,GOODE HS,"7651 S HOMAN AVE Chicago, IL 60652",1(773)535-7875,HS,6,6,S,2,2,S,False,2020
610559,41.806491,-87.68978,SHIELDS MIDDLE,"2611 W 48TH ST Chicago, IL 60632",1(773)535-7115,MS,6,5,I,2,0,I,False,2020
610561,41.876947,-87.683301,CRANE MEDICAL HS,"2245 W JACKSON BLVD Chicago, IL 60612",1(773)534-7600,HS,6,6,S,2,1,I,False,2020
610563,41.808413,-87.677541,BACK OF THE YARDS HS,"2111 W 47TH ST Chicago, IL 60609",1(773)535-7320,HS,6,5,I,2,2,S,False,2020
610586,41.704859,-87.527985,SADLOWSKI,"3930 E 105TH Chicago, IL 60617-6335",1(773)535-8040,ES,6,9,C,2,2,S,False,2020
610587,41.801204,-87.612239,DYETT ARTS HS,"555 E 51ST Chicago, IL 60615-2452",1(773)535-1825,HS,6,9,C,2,3,C,False,2020
610588,41.783826,-87.725422,RICHARDSON,"6018 S KARLOV Chicago, IL 60629-4929",1(773)535-8640,MS,6,5,I,2,1,I,False,2020
